-- V2 — Catalog seed data
-- GENERATED by tools/seed-import/extract_catalog_seed.py from the legacy
-- Populate-UTF8.xml. Do not edit by hand; re-run the generator instead.

-- categories (5)
insert into category (catid) values ('FISH');
insert into category (catid) values ('DOGS');
insert into category (catid) values ('REPTILES');
insert into category (catid) values ('CATS');
insert into category (catid) values ('BIRDS');

-- category_details (15)
insert into category_details (catid, name, image, descn, locale) values ('FISH', 'Fish', 'fish_icon.gif', NULL, 'en_US');
insert into category_details (catid, name, image, descn, locale) values ('FISH', '魚', 'fish_icon.gif', NULL, 'ja_JP');
insert into category_details (catid, name, image, descn, locale) values ('FISH', '鱼', 'fish_icon.gif', NULL, 'zh_CN');
insert into category_details (catid, name, image, descn, locale) values ('DOGS', 'Dogs', 'dogs_icon.gif', NULL, 'en_US');
insert into category_details (catid, name, image, descn, locale) values ('DOGS', '犬', 'dogs_icon.gif', NULL, 'ja_JP');
insert into category_details (catid, name, image, descn, locale) values ('DOGS', '狗', 'dogs_icon.gif', NULL, 'zh_CN');
insert into category_details (catid, name, image, descn, locale) values ('REPTILES', 'Reptiles', 'reptiles_icon.gif', NULL, 'en_US');
insert into category_details (catid, name, image, descn, locale) values ('REPTILES', '爬虫類', 'reptiles_icon.gif', NULL, 'ja_JP');
insert into category_details (catid, name, image, descn, locale) values ('REPTILES', '爬虫类', 'reptiles_icon.gif', NULL, 'zh_CN');
insert into category_details (catid, name, image, descn, locale) values ('CATS', 'Cats', 'cats_icon.gif', NULL, 'en_US');
insert into category_details (catid, name, image, descn, locale) values ('CATS', '猫', 'cats_icon.gif', NULL, 'ja_JP');
insert into category_details (catid, name, image, descn, locale) values ('CATS', '猫', 'cats_icon.gif', NULL, 'zh_CN');
insert into category_details (catid, name, image, descn, locale) values ('BIRDS', 'Birds', 'birds_icon.gif', NULL, 'en_US');
insert into category_details (catid, name, image, descn, locale) values ('BIRDS', '鳥', 'birds_icon.gif', NULL, 'ja_JP');
insert into category_details (catid, name, image, descn, locale) values ('BIRDS', '鸟', 'birds_icon.gif', NULL, 'zh_CN');

-- products (16)
insert into product (productid, catid) values ('FI-SW-01', 'FISH');
insert into product (productid, catid) values ('FI-SW-02', 'FISH');
insert into product (productid, catid) values ('FI-FW-01', 'FISH');
insert into product (productid, catid) values ('FI-FW-02', 'FISH');
insert into product (productid, catid) values ('K9-BD-01', 'DOGS');
insert into product (productid, catid) values ('K9-PO-02', 'DOGS');
insert into product (productid, catid) values ('K9-DL-01', 'DOGS');
insert into product (productid, catid) values ('K9-RT-01', 'DOGS');
insert into product (productid, catid) values ('K9-RT-02', 'DOGS');
insert into product (productid, catid) values ('K9-CW-01', 'DOGS');
insert into product (productid, catid) values ('RP-SN-01', 'REPTILES');
insert into product (productid, catid) values ('RP-LI-02', 'REPTILES');
insert into product (productid, catid) values ('FL-DSH-01', 'CATS');
insert into product (productid, catid) values ('FL-DLH-02', 'CATS');
insert into product (productid, catid) values ('AV-CB-01', 'BIRDS');
insert into product (productid, catid) values ('AV-SB-02', 'BIRDS');

-- product_details (48)
insert into product_details (productid, locale, name, image, descn) values ('FI-SW-01', 'en_US', 'Angelfish', 'fish1.jpg', 'Salt Water fish from Australia');
insert into product_details (productid, locale, name, image, descn) values ('FI-SW-01', 'ja_JP', 'エンゼルフィッシュ', 'fish1.jpg', 'オーストラリア産の海水魚');
insert into product_details (productid, locale, name, image, descn) values ('FI-SW-01', 'zh_CN', '天使鱼', 'fish1.jpg', '澳大利亚产的海水鱼');
insert into product_details (productid, locale, name, image, descn) values ('FI-SW-02', 'en_US', 'Tiger Shark', 'fish4.gif', 'Salt Water fish from Australia');
insert into product_details (productid, locale, name, image, descn) values ('FI-SW-02', 'ja_JP', 'イタチザメ', 'fish4.gif', 'オーストラリア産の海水魚');
insert into product_details (productid, locale, name, image, descn) values ('FI-SW-02', 'zh_CN', '鼬鲨', 'fish4.gif', '澳大利亚产的海水鱼');
insert into product_details (productid, locale, name, image, descn) values ('FI-FW-01', 'en_US', 'Koi', 'fish3.gif', 'Fresh Water fish from Japan');
insert into product_details (productid, locale, name, image, descn) values ('FI-FW-01', 'ja_JP', '鯉', 'fish3.gif', '日本産の淡水魚');
insert into product_details (productid, locale, name, image, descn) values ('FI-FW-01', 'zh_CN', '鲤鱼', 'fish3.gif', '日本产的淡水鱼');
insert into product_details (productid, locale, name, image, descn) values ('FI-FW-02', 'en_US', 'Goldfish', 'fish2.gif', 'Fresh Water fish from China');
insert into product_details (productid, locale, name, image, descn) values ('FI-FW-02', 'ja_JP', '金魚', 'fish2.gif', '中国産の淡水魚');
insert into product_details (productid, locale, name, image, descn) values ('FI-FW-02', 'zh_CN', '金鱼', 'fish2.gif', '中国产的淡水鱼');
insert into product_details (productid, locale, name, image, descn) values ('K9-BD-01', 'en_US', 'Bulldog', 'dog2.gif', 'Friendly dog from England');
insert into product_details (productid, locale, name, image, descn) values ('K9-BD-01', 'ja_JP', 'ブルドッグ', 'dog2.gif', '人なつっこい性質、イギリス産');
insert into product_details (productid, locale, name, image, descn) values ('K9-BD-01', 'zh_CN', '牛头狗', 'dog2.gif', '一种来自英国的性格温和的狗');
insert into product_details (productid, locale, name, image, descn) values ('K9-PO-02', 'en_US', 'Poodle', 'dog6.gif', 'Cute dog from France');
insert into product_details (productid, locale, name, image, descn) values ('K9-PO-02', 'ja_JP', 'プードル', 'dog6.gif', 'キュートなフランス産の犬');
insert into product_details (productid, locale, name, image, descn) values ('K9-PO-02', 'zh_CN', '狮子狗', 'dog6.gif', '一种来自法国的机灵的小狗');
insert into product_details (productid, locale, name, image, descn) values ('K9-DL-01', 'en_US', 'Dalmation', 'dog5.gif', 'Great dog for a Fire Station');
insert into product_details (productid, locale, name, image, descn) values ('K9-DL-01', 'ja_JP', 'ダルマシアン', 'dog5.gif', '消防署で大活躍');
insert into product_details (productid, locale, name, image, descn) values ('K9-DL-01', 'zh_CN', '达尔马希亚狗', 'dog5.gif', '经常在消防部门出现');
insert into product_details (productid, locale, name, image, descn) values ('K9-RT-01', 'en_US', 'Golden Retriever', 'dog1.gif', 'Great family dog');
insert into product_details (productid, locale, name, image, descn) values ('K9-RT-01', 'ja_JP', 'ゴールデン=レトリーバ', 'dog1.gif', '飼い犬に最適');
insert into product_details (productid, locale, name, image, descn) values ('K9-RT-01', 'zh_CN', '金毛猎狗', 'dog1.gif', '最适合伺养的狗');
insert into product_details (productid, locale, name, image, descn) values ('K9-RT-02', 'en_US', 'Labrador Retriever', 'dog5.gif', 'Great hunting dog');
insert into product_details (productid, locale, name, image, descn) values ('K9-RT-02', 'ja_JP', 'ラブラドル=レトリーバ', 'dog5.gif', '猟犬に最適');
insert into product_details (productid, locale, name, image, descn) values ('K9-RT-02', 'zh_CN', '拉布拉多猎狗', 'dog5.gif', '最好的猎狗');
insert into product_details (productid, locale, name, image, descn) values ('K9-CW-01', 'en_US', 'Chihuahua', 'dog4.gif', 'Great companion dog');
insert into product_details (productid, locale, name, image, descn) values ('K9-CW-01', 'ja_JP', 'チワワ', 'dog4.gif', 'とても人なつこい');
insert into product_details (productid, locale, name, image, descn) values ('K9-CW-01', 'zh_CN', '吉娃娃狗', 'dog4.gif', '最容易相处的狗');
insert into product_details (productid, locale, name, image, descn) values ('RP-SN-01', 'en_US', 'Rattlesnake', 'lizard3.gif', 'Doubles as a watch dog');
insert into product_details (productid, locale, name, image, descn) values ('RP-SN-01', 'ja_JP', 'ガラガラ蛇', 'lizard3.gif', '番犬代わりにどうぞ');
insert into product_details (productid, locale, name, image, descn) values ('RP-SN-01', 'zh_CN', '响尾蛇', 'lizard3.gif', '顶两只看家狗');
insert into product_details (productid, locale, name, image, descn) values ('RP-LI-02', 'en_US', 'Iguana', 'lizard2.gif', 'Friendly green friend');
insert into product_details (productid, locale, name, image, descn) values ('RP-LI-02', 'ja_JP', 'イグアナ', 'lizard2.gif', '人なつこい緑色のお友達');
insert into product_details (productid, locale, name, image, descn) values ('RP-LI-02', 'zh_CN', '大蜥蜴', 'lizard2.gif', '人类的绿色朋友');
insert into product_details (productid, locale, name, image, descn) values ('FL-DSH-01', 'en_US', 'Manx', 'cat3.gif', 'Great for reducing mouse populations');
insert into product_details (productid, locale, name, image, descn) values ('FL-DSH-01', 'ja_JP', 'マンクスネコ', 'cat3.gif', 'ねずみ退治に最適');
insert into product_details (productid, locale, name, image, descn) values ('FL-DSH-01', 'zh_CN', '曼岛猫', 'cat3.gif', '捕鼠能手');
insert into product_details (productid, locale, name, image, descn) values ('FL-DLH-02', 'en_US', 'Persian', 'cat1.gif', 'Friendly house cat, doubles as a princess');
insert into product_details (productid, locale, name, image, descn) values ('FL-DLH-02', 'ja_JP', 'ペルシアネコ', 'cat1.gif', '優しい家ネコ');
insert into product_details (productid, locale, name, image, descn) values ('FL-DLH-02', 'zh_CN', '波斯猫', 'cat1.gif', '友善的家猫');
insert into product_details (productid, locale, name, image, descn) values ('AV-CB-01', 'en_US', 'Amazon Parrot', 'bird4.gif', 'Great companion for up to 75 years');
insert into product_details (productid, locale, name, image, descn) values ('AV-CB-01', 'ja_JP', 'ボウシインコ', 'bird4.gif', '最高で 75 年も長生き');
insert into product_details (productid, locale, name, image, descn) values ('AV-CB-01', 'zh_CN', '亚马逊鹦鹉', 'bird4.gif', '最长可以活75年');
insert into product_details (productid, locale, name, image, descn) values ('AV-SB-02', 'en_US', 'Finch', 'bird1.gif', 'Great stress reliever');
insert into product_details (productid, locale, name, image, descn) values ('AV-SB-02', 'ja_JP', 'フィンチ', 'bird1.gif', '癒し系ペット');
insert into product_details (productid, locale, name, image, descn) values ('AV-SB-02', 'zh_CN', '雀鸣类鸟', 'bird1.gif', '美丽的声音为您解除疲劳');

-- items (28)
insert into item (itemid, productid) values ('EST-1', 'FI-SW-01');
insert into item (itemid, productid) values ('EST-2', 'FI-SW-01');
insert into item (itemid, productid) values ('EST-3', 'FI-SW-02');
insert into item (itemid, productid) values ('EST-4', 'FI-FW-01');
insert into item (itemid, productid) values ('EST-5', 'FI-FW-01');
insert into item (itemid, productid) values ('EST-6', 'K9-BD-01');
insert into item (itemid, productid) values ('EST-7', 'K9-BD-01');
insert into item (itemid, productid) values ('EST-8', 'K9-PO-02');
insert into item (itemid, productid) values ('EST-9', 'K9-DL-01');
insert into item (itemid, productid) values ('EST-10', 'K9-DL-01');
insert into item (itemid, productid) values ('EST-11', 'RP-SN-01');
insert into item (itemid, productid) values ('EST-12', 'RP-SN-01');
insert into item (itemid, productid) values ('EST-13', 'RP-LI-02');
insert into item (itemid, productid) values ('EST-14', 'FL-DSH-01');
insert into item (itemid, productid) values ('EST-15', 'FL-DSH-01');
insert into item (itemid, productid) values ('EST-16', 'FL-DLH-02');
insert into item (itemid, productid) values ('EST-17', 'FL-DLH-02');
insert into item (itemid, productid) values ('EST-18', 'AV-CB-01');
insert into item (itemid, productid) values ('EST-19', 'AV-SB-02');
insert into item (itemid, productid) values ('EST-20', 'FI-FW-02');
insert into item (itemid, productid) values ('EST-21', 'FI-FW-02');
insert into item (itemid, productid) values ('EST-22', 'K9-RT-02');
insert into item (itemid, productid) values ('EST-23', 'K9-RT-02');
insert into item (itemid, productid) values ('EST-24', 'K9-RT-02');
insert into item (itemid, productid) values ('EST-25', 'K9-RT-02');
insert into item (itemid, productid) values ('EST-26', 'K9-CW-01');
insert into item (itemid, productid) values ('EST-27', 'K9-CW-01');
insert into item (itemid, productid) values ('EST-28', 'K9-RT-01');

-- item_details (83)
insert into item_details (itemid, listprice, unitcost, locale, image, descn, attr1, attr2, attr3, attr4, attr5) values ('EST-1', 16.50, 10.00, 'en_US', 'fish3.gif', 'Fresh Water fish from Japan', 'Large', 'Cuddly', NULL, NULL, NULL);
insert into item_details (itemid, listprice, unitcost, locale, image, descn, attr1, attr2, attr3, attr4, attr5) values ('EST-1', 1951, 1551, 'ja_JP', 'fish3.gif', '日本産の淡水魚', '大', '優しい', NULL, NULL, NULL);
insert into item_details (itemid, listprice, unitcost, locale, image, descn, attr1, attr2, attr3, attr4, attr5) values ('EST-1', 142, 86, 'zh_CN', 'fish3.gif', '日本产的淡水鱼', '大', '喜欢群居', NULL, NULL, NULL);
insert into item_details (itemid, listprice, unitcost, locale, image, descn, attr1, attr2, attr3, attr4, attr5) values ('EST-2', 16.50, 10.00, 'en_US', 'fish3.gif', 'Fresh Water fish from Japan', 'Small', NULL, NULL, NULL, NULL);
insert into item_details (itemid, listprice, unitcost, locale, image, descn, attr1, attr2, attr3, attr4, attr5) values ('EST-2', 1114, 1003, 'ja_JP', 'fish3.gif', '日本産の淡水魚', '小', NULL, NULL, NULL, NULL);
insert into item_details (itemid, listprice, unitcost, locale, image, descn, attr1, attr2, attr3, attr4, attr5) values ('EST-2', 142, 86, 'zh_CN', 'fish3.gif', '日本产的淡水鱼', '小', NULL, NULL, NULL, NULL);
insert into item_details (itemid, listprice, unitcost, locale, image, descn, attr1, attr2, attr3, attr4, attr5) values ('EST-3', 18.50, 12.00, 'en_US', 'fish4.gif', 'Salt Water fish from Australia', 'Toothless', 'Mean', NULL, NULL, NULL);
insert into item_details (itemid, listprice, unitcost, locale, image, descn, attr1, attr2, attr3, attr4, attr5) values ('EST-3', 1351, 1231, 'ja_JP', 'fish4.gif', 'オーストラリア産の海水魚', '歯がない', 'Mean', NULL, NULL, NULL);
insert into item_details (itemid, listprice, unitcost, locale, image, descn, attr1, attr2, attr3, attr4, attr5) values ('EST-3', 158, 107, 'zh_CN', 'fish4.gif', '澳大利亚产的海水鱼', '没有牙齿', 'Mean', NULL, NULL, NULL);
insert into item_details (itemid, listprice, unitcost, locale, image, descn, attr1, attr2, attr3, attr4, attr5) values ('EST-4', 18.50, 12.00, 'en_US', 'fish3.gif', 'Fresh Water fish from Japan', 'Spotted', NULL, NULL, NULL, NULL);
insert into item_details (itemid, listprice, unitcost, locale, image, descn, attr1, attr2, attr3, attr4, attr5) values ('EST-4', 1323, 1251, 'ja_JP', 'fish3.gif', '日本産の淡水魚', 'まだら', NULL, NULL, NULL, NULL);
insert into item_details (itemid, listprice, unitcost, locale, image, descn, attr1, attr2, attr3, attr4, attr5) values ('EST-4', 157, 107, 'zh_CN', 'fish3.gif', '日本产的淡水鱼', '有斑点', NULL, NULL, NULL, NULL);
insert into item_details (itemid, listprice, unitcost, locale, image, descn, attr1, attr2, attr3, attr4, attr5) values ('EST-5', 18.50, 12.00, 'en_US', 'fish3.gif', 'Fresh Water fish from Japan', 'Spotless', NULL, NULL, NULL, NULL);
insert into item_details (itemid, listprice, unitcost, locale, image, descn, attr1, attr2, attr3, attr4, attr5) values ('EST-5', 1250, 1100, 'ja_JP', 'fish3.gif', '日本産の淡水魚', 'まだらなし', NULL, NULL, NULL, NULL);
insert into item_details (itemid, listprice, unitcost, locale, image, descn, attr1, attr2, attr3, attr4, attr5) values ('EST-5', 157, 107, 'zh_CN', 'fish3.gif', '日本产的淡水鱼', '没有斑点', NULL, NULL, NULL, NULL);
insert into item_details (itemid, listprice, unitcost, locale, image, descn, attr1, attr2, attr3, attr4, attr5) values ('EST-6', 18.50, 12.00, 'en_US', 'dog2.gif', 'Friendly dog from England', 'Male Adult', NULL, NULL, NULL, NULL);
insert into item_details (itemid, listprice, unitcost, locale, image, descn, attr1, attr2, attr3, attr4, attr5) values ('EST-6', 1450, 1200, 'ja_JP', 'dog2.gif', '人なつっこい性質、イギリス産', '雄 おとな', NULL, NULL, NULL, NULL);
insert into item_details (itemid, listprice, unitcost, locale, image, descn, attr1, attr2, attr3, attr4, attr5) values ('EST-6', 157, 107, 'zh_CN', 'dog2.gif', '性格温和的英国狗', '成年雄性', NULL, NULL, NULL, NULL);
insert into item_details (itemid, listprice, unitcost, locale, image, descn, attr1, attr2, attr3, attr4, attr5) values ('EST-7', 18.50, 12.00, 'en_US', 'dog2.gif', 'Friendly dog from England', 'Female Puppy', NULL, NULL, NULL, NULL);
insert into item_details (itemid, listprice, unitcost, locale, image, descn, attr1, attr2, attr3, attr4, attr5) values ('EST-7', 1150, 1011, 'ja_JP', 'dog2.gif', '人なつっこい性質、イギリス産', '雌 子犬', NULL, NULL, NULL, NULL);
insert into item_details (itemid, listprice, unitcost, locale, image, descn, attr1, attr2, attr3, attr4, attr5) values ('EST-7', 157, 107, 'zh_CN', 'dog2.gif', '性格温和的英国狗', '雌性小', NULL, NULL, NULL, NULL);
insert into item_details (itemid, listprice, unitcost, locale, image, descn, attr1, attr2, attr3, attr4, attr5) values ('EST-8', 18.50, 12.00, 'en_US', 'dog6.gif', 'Cute dog from France', 'Male Puppy', NULL, NULL, NULL, NULL);
insert into item_details (itemid, listprice, unitcost, locale, image, descn, attr1, attr2, attr3, attr4, attr5) values ('EST-8', 1220, 1110, 'ja_JP', 'dog6.gif', 'キュートなフランス産の犬', '雄 子犬', NULL, NULL, NULL, NULL);
insert into item_details (itemid, listprice, unitcost, locale, image, descn, attr1, attr2, attr3, attr4, attr5) values ('EST-8', 157, 107, 'zh_CN', 'dog6.gif', '一种机灵的法国狗', '雄性小', NULL, NULL, NULL, NULL);
insert into item_details (itemid, listprice, unitcost, locale, image, descn, attr1, attr2, attr3, attr4, attr5) values ('EST-9', 18.50, 12.00, 'en_US', 'dog5.gif', 'Great dog for a Fire Station', 'Spotless Male Puppy', NULL, NULL, NULL, NULL);
insert into item_details (itemid, listprice, unitcost, locale, image, descn, attr1, attr2, attr3, attr4, attr5) values ('EST-9', 1440, 1410, 'ja_JP', 'dog5.gif', '消防署で大活躍', 'まだらなし 雄 子犬', NULL, NULL, NULL, NULL);
insert into item_details (itemid, listprice, unitcost, locale, image, descn, attr1, attr2, attr3, attr4, attr5) values ('EST-9', 157, 140, 'zh_CN', 'dog5.gif', '经常用于消防部门', '无斑点雄性小', NULL, NULL, NULL, NULL);
insert into item_details (itemid, listprice, unitcost, locale, image, descn, attr1, attr2, attr3, attr4, attr5) values ('EST-10', 18.50, 12.00, 'en_US', 'dog5.gif', 'Great dog for a Fire Station', 'Spotted Adult Female', NULL, NULL, NULL, NULL);
insert into item_details (itemid, listprice, unitcost, locale, image, descn, attr1, attr2, attr3, attr4, attr5) values ('EST-10', 1830, 1610, 'ja_JP', 'dog5.gif', '消防署で大活躍', 'まだら おとな 雌', NULL, NULL, NULL, NULL);
insert into item_details (itemid, listprice, unitcost, locale, image, descn, attr1, attr2, attr3, attr4, attr5) values ('EST-10', 157, 150, 'zh_CN', 'dog5.gif', '经常用于消防部门', '有斑点成年雌性', NULL, NULL, NULL, NULL);
insert into item_details (itemid, listprice, unitcost, locale, image, descn, attr1, attr2, attr3, attr4, attr5) values ('EST-11', 18.50, 12.00, 'en_US', 'lizard3.gif', 'More Bark than bite', 'Venomless', NULL, NULL, NULL, NULL);
insert into item_details (itemid, listprice, unitcost, locale, image, descn, attr1, attr2, attr3, attr4, attr5) values ('EST-11', 1770, 1330, 'ja_JP', 'lizard3.gif', '番犬代わりにどうぞ', '毒なし', NULL, NULL, NULL, NULL);
insert into item_details (itemid, listprice, unitcost, locale, image, descn, attr1, attr2, attr3, attr4, attr5) values ('EST-11', 152, 134, 'zh_CN', 'lizard3.gif', '可代替狗来看家', '无毒', NULL, NULL, NULL, NULL);
insert into item_details (itemid, listprice, unitcost, locale, image, descn, attr1, attr2, attr3, attr4, attr5) values ('EST-12', 18.50, 12.00, 'en_US', 'lizard3.gif', 'Doubles as a watch dog', 'Rattleless', NULL, NULL, NULL, NULL);
insert into item_details (itemid, listprice, unitcost, locale, image, descn, attr1, attr2, attr3, attr4, attr5) values ('EST-12', 1550, 1330, 'ja_JP', 'lizard3.gif', '番犬代わりにどうぞ', '音なし', NULL, NULL, NULL, NULL);
insert into item_details (itemid, listprice, unitcost, locale, image, descn, attr1, attr2, attr3, attr4, attr5) values ('EST-12', 140, 128, 'zh_CN', 'lizard3.gif', '可代替狗来看家', '无声音的', NULL, NULL, NULL, NULL);
insert into item_details (itemid, listprice, unitcost, locale, image, descn, attr1, attr2, attr3, attr4, attr5) values ('EST-13', 12.50, 11.10, 'en_US', 'lizard2.gif', 'Friendly green friend', 'Green Adult', NULL, NULL, NULL, NULL);
insert into item_details (itemid, listprice, unitcost, locale, image, descn, attr1, attr2, attr3, attr4, attr5) values ('EST-13', 1850, 1200, 'ja_JP', 'lizard2.gif', '人なつこい緑色のお友達', '緑', 'おとな', NULL, NULL, NULL);
insert into item_details (itemid, listprice, unitcost, locale, image, descn, attr1, attr2, attr3, attr4, attr5) values ('EST-13', 160, 105, 'zh_CN', 'lizard2.gif', '人类的绿色朋友', '绿色', '成年', NULL, NULL, NULL);
insert into item_details (itemid, listprice, unitcost, locale, image, descn, attr1, attr2, attr3, attr4, attr5) values ('EST-14', 58.50, 12.00, 'en_US', 'cat3.gif', 'Great for reducing mouse populations', 'Tailless', NULL, NULL, NULL, NULL);
insert into item_details (itemid, listprice, unitcost, locale, image, descn, attr1, attr2, attr3, attr4, attr5) values ('EST-14', 5840, 3200, 'ja_JP', 'cat3.gif', 'ねずみ退治に最適', 'しっぽなし', NULL, NULL, NULL, NULL);
insert into item_details (itemid, listprice, unitcost, locale, image, descn, attr1, attr2, attr3, attr4, attr5) values ('EST-14', 480, 340, 'zh_CN', 'cat3.gif', '捕鼠能手', '无尾型', NULL, NULL, NULL, NULL);
insert into item_details (itemid, listprice, unitcost, locale, image, descn, attr1, attr2, attr3, attr4, attr5) values ('EST-15', 23.50, 12.00, 'en_US', 'cat3.gif', 'Great for reducing mouse populations', 'With tail', NULL, NULL, NULL, NULL);
insert into item_details (itemid, listprice, unitcost, locale, image, descn, attr1, attr2, attr3, attr4, attr5) values ('EST-15', 190, 150, 'zh_CN', 'cat3.gif', '捕鼠能手', '有尾型', NULL, NULL, NULL, NULL);
insert into item_details (itemid, listprice, unitcost, locale, image, descn, attr1, attr2, attr3, attr4, attr5) values ('EST-16', 93.50, 12.00, 'en_US', 'cat1.gif', 'Friendly house cat, doubles as a princess', 'Adult Female', NULL, NULL, NULL, NULL);
insert into item_details (itemid, listprice, unitcost, locale, image, descn, attr1, attr2, attr3, attr4, attr5) values ('EST-16', 9350, 8100, 'ja_JP', 'cat1.gif', 'プリンセスみたいな、優しい家ネコ', 'おとな 雌', NULL, NULL, NULL, NULL);
insert into item_details (itemid, listprice, unitcost, locale, image, descn, attr1, attr2, attr3, attr4, attr5) values ('EST-16', 800, 680, 'zh_CN', 'cat1.gif', '漂亮友善的伺养型猫', '成年雄性', NULL, NULL, NULL, NULL);
insert into item_details (itemid, listprice, unitcost, locale, image, descn, attr1, attr2, attr3, attr4, attr5) values ('EST-17', 93.50, 12.00, 'en_US', 'cat1.gif', 'Friendly house cat, doubles as a prince', 'Adult Male', NULL, NULL, NULL, NULL);
insert into item_details (itemid, listprice, unitcost, locale, image, descn, attr1, attr2, attr3, attr4, attr5) values ('EST-17', 9350, 6100, 'ja_JP', 'cat1.gif', 'プリンスみたいな、優しい家ネコ', 'おとな 雄', NULL, NULL, NULL, NULL);
insert into item_details (itemid, listprice, unitcost, locale, image, descn, attr1, attr2, attr3, attr4, attr5) values ('EST-17', 800, 640, 'zh_CN', 'cat1.gif', '漂亮友善的伺养型猫', '成年雄性', NULL, NULL, NULL, NULL);
insert into item_details (itemid, listprice, unitcost, locale, image, descn, attr1, attr2, attr3, attr4, attr5) values ('EST-18', 193.50, 92.00, 'en_US', 'bird4.gif', 'Great companion for up to 75 years', 'Adult Male', NULL, NULL, NULL, NULL);
insert into item_details (itemid, listprice, unitcost, locale, image, descn, attr1, attr2, attr3, attr4, attr5) values ('EST-18', 19350, 12000, 'ja_JP', 'bird4.gif', '最高で 75 年も長生きする友達', 'おとな 雄', NULL, NULL, NULL, NULL);
insert into item_details (itemid, listprice, unitcost, locale, image, descn, attr1, attr2, attr3, attr4, attr5) values ('EST-18', 1600, 1300, 'zh_CN', 'bird4.gif', '最长可活75年', '成年雄性', NULL, NULL, NULL, NULL);
insert into item_details (itemid, listprice, unitcost, locale, image, descn, attr1, attr2, attr3, attr4, attr5) values ('EST-19', 15.50, 2.00, 'en_US', 'bird1.gif', 'Great stress reliever', 'Adult Male', NULL, NULL, NULL, NULL);
insert into item_details (itemid, listprice, unitcost, locale, image, descn, attr1, attr2, attr3, attr4, attr5) values ('EST-19', 1540, 1200, 'ja_JP', 'bird1.gif', '癒し系ペット', 'おとな 雄', NULL, NULL, NULL, NULL);
insert into item_details (itemid, listprice, unitcost, locale, image, descn, attr1, attr2, attr3, attr4, attr5) values ('EST-19', 152, 136, 'zh_CN', 'bird1.gif', '美丽的声音给您解除疲劳', '成年雄性', NULL, NULL, NULL, NULL);
insert into item_details (itemid, listprice, unitcost, locale, image, descn, attr1, attr2, attr3, attr4, attr5) values ('EST-20', 5.50, 2.00, 'en_US', 'fish2.gif', 'Fresh Water fish from China', 'Adult Male', NULL, NULL, NULL, NULL);
insert into item_details (itemid, listprice, unitcost, locale, image, descn, attr1, attr2, attr3, attr4, attr5) values ('EST-20', 550, 440, 'ja_JP', 'fish2.gif', '中国産の淡水魚', 'おとな 雄', NULL, NULL, NULL, NULL);
insert into item_details (itemid, listprice, unitcost, locale, image, descn, attr1, attr2, attr3, attr4, attr5) values ('EST-20', 50, 39, 'zh_CN', 'fish2.gif', '中国产的淡水鱼', '成年雄性', NULL, NULL, NULL, NULL);
insert into item_details (itemid, listprice, unitcost, locale, image, descn, attr1, attr2, attr3, attr4, attr5) values ('EST-21', 5.29, 1.00, 'en_US', 'fish2.gif', 'Fresh Water fish from China', 'Adult Female', NULL, NULL, NULL, NULL);
insert into item_details (itemid, listprice, unitcost, locale, image, descn, attr1, attr2, attr3, attr4, attr5) values ('EST-21', 549, 400, 'ja_JP', 'fish2.gif', '中国産の淡水魚', 'おとな 雌', NULL, NULL, NULL, NULL);
insert into item_details (itemid, listprice, unitcost, locale, image, descn, attr1, attr2, attr3, attr4, attr5) values ('EST-21', 30, 25, 'zh_CN', 'fish2.gif', '中国产的淡水鱼', '成年雌性', NULL, NULL, NULL, NULL);
insert into item_details (itemid, listprice, unitcost, locale, image, descn, attr1, attr2, attr3, attr4, attr5) values ('EST-22', 135.50, 100.00, 'en_US', 'dog5.gif', 'Great hunting dog', 'Adult Male', NULL, NULL, NULL, NULL);
insert into item_details (itemid, listprice, unitcost, locale, image, descn, attr1, attr2, attr3, attr4, attr5) values ('EST-22', 13550, 10000, 'ja_JP', 'dog5.gif', '猟犬に最適', 'おとな 雄', NULL, NULL, NULL, NULL);
insert into item_details (itemid, listprice, unitcost, locale, image, descn, attr1, attr2, attr3, attr4, attr5) values ('EST-22', 1100, 880, 'zh_CN', 'dog5.gif', '最好的猎狗', '成年雄性', NULL, NULL, NULL, NULL);
insert into item_details (itemid, listprice, unitcost, locale, image, descn, attr1, attr2, attr3, attr4, attr5) values ('EST-23', 145.49, 100.00, 'en_US', 'dog5.gif', 'Great hunting dog', 'Adult Female', NULL, NULL, NULL, NULL);
insert into item_details (itemid, listprice, unitcost, locale, image, descn, attr1, attr2, attr3, attr4, attr5) values ('EST-23', 14549, 10000, 'ja_JP', 'dog5.gif', '猟犬に最適', 'おとな 雌', NULL, NULL, NULL, NULL);
insert into item_details (itemid, listprice, unitcost, locale, image, descn, attr1, attr2, attr3, attr4, attr5) values ('EST-23', 1200, 980, 'zh_CN', 'dog5.gif', '最好的猎狗', '成年雌性', NULL, NULL, NULL, NULL);
insert into item_details (itemid, listprice, unitcost, locale, image, descn, attr1, attr2, attr3, attr4, attr5) values ('EST-24', 255.50, 92.00, 'en_US', 'dog5.gif', 'Great addition to a family', 'Male Puppy', NULL, NULL, NULL, NULL);
insert into item_details (itemid, listprice, unitcost, locale, image, descn, attr1, attr2, attr3, attr4, attr5) values ('EST-24', 25550, 19200, 'ja_JP', 'dog5.gif', '飼い犬に最適', '雄 子犬', NULL, NULL, NULL, NULL);
insert into item_details (itemid, listprice, unitcost, locale, image, descn, attr1, attr2, attr3, attr4, attr5) values ('EST-24', 2100, 1980, 'zh_CN', 'dog5.gif', '最适合伺养的狗', '雄性小', NULL, NULL, NULL, NULL);
insert into item_details (itemid, listprice, unitcost, locale, image, descn, attr1, attr2, attr3, attr4, attr5) values ('EST-25', 325.29, 90.00, 'en_US', 'dog5.gif', 'Great hunting dog', 'Female Puppy', NULL, NULL, NULL, NULL);
insert into item_details (itemid, listprice, unitcost, locale, image, descn, attr1, attr2, attr3, attr4, attr5) values ('EST-25', 32529, 12100, 'ja_JP', 'dog5.gif', '猟犬に最適', '雄 子犬', NULL, NULL, NULL, NULL);
insert into item_details (itemid, listprice, unitcost, locale, image, descn, attr1, attr2, attr3, attr4, attr5) values ('EST-25', 32529, 12100, 'zh_CN', 'dog5.gif', '最好的猎狗', '雄性小', NULL, NULL, NULL, NULL);
insert into item_details (itemid, listprice, unitcost, locale, image, descn, attr1, attr2, attr3, attr4, attr5) values ('EST-26', 125.50, 92.00, 'en_US', 'dog4.gif', 'Little yapper', 'Adult Male', NULL, NULL, NULL, NULL);
insert into item_details (itemid, listprice, unitcost, locale, image, descn, attr1, attr2, attr3, attr4, attr5) values ('EST-26', 12550, 19200, 'ja_JP', 'dog4.gif', 'よく鳴く犬', 'おとな 雄', NULL, NULL, NULL, NULL);
insert into item_details (itemid, listprice, unitcost, locale, image, descn, attr1, attr2, attr3, attr4, attr5) values ('EST-26', 1080, 980, 'zh_CN', 'dog4.gif', '善于叫唤的狗', '成年雄性', NULL, NULL, NULL, NULL);
insert into item_details (itemid, listprice, unitcost, locale, image, descn, attr1, attr2, attr3, attr4, attr5) values ('EST-27', 155.29, 90.00, 'en_US', 'dog4.gif', 'Great companion dog', 'Adult Female', NULL, NULL, NULL, NULL);
insert into item_details (itemid, listprice, unitcost, locale, image, descn, attr1, attr2, attr3, attr4, attr5) values ('EST-27', 15519, 14111, 'ja_JP', 'dog4.gif', 'とても人なつこい', 'おとな 雌', NULL, NULL, NULL, NULL);
insert into item_details (itemid, listprice, unitcost, locale, image, descn, attr1, attr2, attr3, attr4, attr5) values ('EST-27', 1300, 1220, 'zh_CN', 'dog4.gif', '能成为您的朋友', '成年雄性', NULL, NULL, NULL, NULL);
insert into item_details (itemid, listprice, unitcost, locale, image, descn, attr1, attr2, attr3, attr4, attr5) values ('EST-28', 155.29, 90.00, 'en_US', 'dog1.gif', 'Great family dog', 'Adult Female', NULL, NULL, NULL, NULL);
insert into item_details (itemid, listprice, unitcost, locale, image, descn, attr1, attr2, attr3, attr4, attr5) values ('EST-28', 15529, 10900, 'ja_JP', 'dog1.gif', '飼い犬に最適', 'おとな 雌', NULL, NULL, NULL, NULL);
insert into item_details (itemid, listprice, unitcost, locale, image, descn, attr1, attr2, attr3, attr4, attr5) values ('EST-28', 1400, 1280, 'zh_CN', 'dog1.gif', '最适合家养的狗', '成年雌性', NULL, NULL, NULL, NULL);

